,Name,Cloudiness,Country,Date,Humidity,Lat,Lon,Max Temp,Wind Speed
0,Naze,100,NG,1567709961,95,5.43,7.07,296.983,1.99
1,Boysun,0,UZ,1567709961,57,38.2,67.2,281.883,3.25
2,Boguchany,95,RU,1567709961,95,58.38,97.46,280.983,1.83
3,Bethel,90,US,1567709961,87,60.79,-161.76,284.15,7.2
4,Vestmannaeyjar,90,IS,1567709962,100,63.44,-20.27,283.15,7.7
5,Lorengau,100,PG,1567709916,84,-2.02,147.27,298.683,3.86
6,Iqaluit,75,CA,1567709825,61,63.75,-68.52,282.15,4.1
7,Bluff,0,AU,1567709722,28,-23.58,149.07,287.983,1.75
8,Severo-Kurilsk,100,RU,1567709835,93,50.68,156.12,283.483,7.32
9,Lamar,1,US,1567709767,15,38.09,-102.62,309.15,3.1
10,San Patricio,100,PY,1567709962,47,-26.98,-56.83,292.383,3.47
11,Kapaa,75,US,1567709962,66,22.08,-159.32,303.15,8.2
12,Ushuaia,0,AR,1567709962,81,-54.81,-68.31,278.15,7.2
13,Vaini,99,IN,1567709963,93,15.34,74.49,297.383,3.26
14,Havre-Saint-Pierre,1,CA,1567709963,71,50.23,-63.6,286.15,11.3
15,Ngerengere,20,TZ,1567709963,73,-6.76,38.13,297.15,5.1
16,Lata,97,IN,1567709908,95,30.78,78.62,281.583,0.67
17,Tazovskiy,99,RU,1567709963,78,67.47,78.7,283.583,5.8
18,Cidreira,57,BR,1567709824,53,-30.17,-50.22,288.583,5
19,North Platte,1,US,1567709842,58,41.12,-100.77,307.04,1.5
20,Grindavik,75,IS,1567709916,93,63.84,-22.43,285.15,3.6
21,Puerto Ayora,0,EC,1567709964,61,-0.74,-90.35,299.15,5.7
22,Vuktyl,36,RU,1567709965,85,63.86,57.31,284.683,2.28
23,Erzin,0,TR,1567709972,78,36.95,36.2,301.15,1.5
24,Chokurdakh,82,RU,1567709978,86,70.62,147.9,274.583,3.04
25,Guerrero Negro,0,MX,1567709848,77,27.97,-114.04,296.583,3.09
26,Urusha,6,RU,1567709979,95,54.05,122.9,283.051,0.53
27,Salalah,75,OM,1567709847,88,17.01,54.1,300.15,3.1
28,Castro,0,CL,1567709944,50,-42.48,-73.76,283.15,4.6
29,Punta Arenas,0,CL,1567709884,80,-53.16,-70.91,278.15,3.6
30,Kenai,75,US,1567709827,71,60.55,-151.26,286.48,2.1
31,Joshimath,97,IN,1567709979,94,30.57,79.57,286.951,0.49
32,Carnarvon,0,ZA,1567709979,54,-30.97,22.13,284.651,11.06
33,Bambous Virieux,40,MU,1567709829,73,-20.34,57.76,295.15,2.1
34,Dakar,40,SN,1567709979,83,14.69,-17.45,302.15,4.6
35,Hobart,7,AU,1567709828,93,-42.88,147.33,280.37,3.1
36,Butaritari,96,KI,1567709980,70,3.07,172.79,302.351,4.33
37,Jamestown,53,AU,1567709952,87,-33.21,138.6,278.983,6.62
38,Kodlipet,94,IN,1567709980,99,12.8,75.88,294.051,1.46
39,Banda Aceh,100,ID,1567709840,83,5.56,95.32,301.283,7.24
40,Rikitea,75,PF,1567709980,82,-23.12,-134.97,293.451,6.62
41,Bredasdorp,63,ZA,1567709980,67,-34.53,20.04,287.15,5.7
42,Saint-Philippe,20,CA,1567709940,43,45.36,-73.48,294.82,6.7
43,East London,20,ZA,1567709981,58,-33.02,27.91,288.15,4.6
44,Egvekinot,93,RU,1567709981,91,66.32,-179.17,277.151,0.73
45,Coacoyul,78,MX,1567709981,50,17.81,-99.11,303.71,1.34
46,Mendeleyevo,75,RU,1567709981,93,56.04,37.23,290.37,2
47,Puerto Ayacucho,40,CO,1567709981,78,5.66,-67.63,300.15,4.6
48,Busselton,0,AU,1567709981,61,-33.64,115.35,278.15,3.17
49,Ponta do Sol,0,BR,1567709915,28,-20.63,-46,304.383,2.99
50,Rila,0,BG,1567709982,56,42.13,23.13,295.37,2.6
51,Hovd,75,NO,1567709982,76,63.83,10.7,284.82,11.3
52,Los Llanos de Aridane,40,ES,1567709864,69,28.66,-17.92,297.15,5.7
53,Narsaq,75,GL,1567709982,50,60.91,-46.05,284.15,1
54,Novokizhinginsk,85,RU,1567709982,97,51.61,109.59,284.951,2.1
55,Srednekolymsk,99,RU,1567709982,70,67.46,153.71,277.851,3.95
56,New Norfolk,7,AU,1567709817,93,-42.78,147.06,280.37,3.1
57,Chumikan,20,RU,1567709983,84,54.72,135.31,282.751,3.95
58,Alegre,98,BR,1567709983,76,-20.76,-41.53,295.851,3.19
59,Atuona,18,PF,1567709900,73,-9.8,-139.03,299.083,4.71
60,Norman Wells,90,CA,1567709983,100,65.28,-126.83,283.15,1
61,Ponta Delgada,75,PT,1567709983,77,37.73,-25.67,294.82,4.6
62,Cape Town,0,ZA,1567709722,67,-33.93,18.42,289.82,4.1
63,Buarcos,0,PT,1567709983,42,40.16,-8.88,302.59,5.7
64,Nemuro,100,JP,1567709984,89,43.32,145.57,290.551,5.55
65,Mataura,100,NZ,1567709984,92,-46.19,168.86,280.93,3.08
66,Khandyga,14,RU,1567709984,85,62.65,135.58,276.351,2.17
67,Tabasalu,20,EE,1567709984,93,59.43,24.54,289.82,4.6
68,Coihaique,90,CL,1567709984,89,-45.58,-72.07,280.15,3.6
69,Tura,2,RU,1567709984,84,64.27,100.22,273.651,0.46
70,Pevek,95,RU,1567709984,75,69.7,170.27,279.251,1.77
71,Albany,1,US,1567709704,60,42.65,-73.75,295.93,1.5
72,Paita,0,PE,1567709985,290,-5.09,-81.11,290.15,5.1
73,Mbandaka,19,CD,1567709985,62,0.05,18.26,298.551,1.04
74,Warrington,0,GB,1567709985,77,53.39,-2.59,289.15,5.1
75,Nikolskoye,0,RU,1567709985,72,59.7,30.79,288.15,3
76,Qaanaaq,21,GL,1567709902,55,77.48,-69.36,273.583,3.41
77,Teguise,75,ES,1567709985,78,29.06,-13.56,297.15,2.6
78,Hilo,75,US,1567709907,66,19.71,-155.08,302.15,1.5
79,San Jeronimo,90,PE,1567709986,328,-13.65,-73.37,276.15,3.1
80,Sheopur,75,IN,1567709986,77,25.67,76.7,301.851,2.07
81,Thompson,90,CA,1567709937,57,55.74,-97.86,283.15,1.5
82,Voskresenskoye,100,RU,1567709986,89,56.84,45.43,286.251,1.86
83,Ilulissat,40,GL,1567709986,61,69.22,-51.1,281.15,2.6
84,Touros,20,BR,1567709896,65,-5.2,-35.46,301.15,6.7
85,Lebork,0,PL,1567709963,55,54.54,17.75,291.48,2.6
86,Saskylakh,100,RU,1567709986,82,71.97,114.09,277.251,7.03
87,Kodiak,1,US,1567709987,58,39.95,-94.76,305.93,5.1
88,Priiskovyy,62,RU,1567709987,87,51.93,116.63,285.151,1.43
89,Paamiut,100,GL,1567709987,69,61.99,-49.67,279.651,1.49
90,Sangar,3,RU,1567709962,82,63.92,127.47,276.083,1.23
91,Luderitz,0,NA,1567709987,38,-26.65,15.16,297.15,6.7
92,Fortuna,90,US,1567709895,88,40.6,-124.16,298.71,1.5
93,Umm Lajj,0,SA,1567709883,65,25.02,37.27,303.183,5.29
94,Hailar,0,CN,1567709987,88,49.2,119.7,286.851,0.36
95,Torbay,75,CA,1567709987,73,47.66,-52.73,297.15,6.7
96,Ereymentau,100,KZ,1567709988,83,51.62,73.1,285.351,1.88
97,Hamilton,20,CA,1567709941,60,43.26,-79.87,295.93,1.5
98,Komsomolskiy,59,RU,1567709991,79,67.55,63.78,284.851,4.45
99,Tiksi,99,RU,1567709907,90,71.64,128.87,276.883,1.21
100,Maldonado,90,UY,1567709992,57,-34.91,-54.96,284.15,6.2
101,Progreso,75,UY,1567709992,57,-34.68,-56.22,283.15,6.2
102,Sidi Ali,0,DZ,1567709992,79,36.1,0.42,297.851,10.83
103,Ustron,0,PL,1567709992,68,49.72,18.8,294.26,3.6
104,Tuatapere,84,NZ,1567709992,92,-46.13,167.69,280.93,5.08
105,Cayenne,0,GF,1567709993,66,4.94,-52.33,304.15,6.7
106,Fene,75,ES,1567709993,68,43.47,-8.16,292.59,5.1
107,Uthal,45,PK,1567709993,79,25.81,66.62,302.151,5.25
108,Sola,79,TZ,1567709993,53,-3.17,33.8,296.551,2.17
109,Seryshevo,94,RU,1567709993,94,51.09,128.38,288.851,1.36
110,Avarua,100,CK,1567709817,73,-21.21,-159.78,296.15,8.2
111,Bayevo,99,RU,1567709993,58,53.27,80.77,286.251,5.85
112,Cao Bang,23,VN,1567709993,88,22.67,106.25,294.851,0.57
113,Cabo San Lucas,20,MX,1567709851,55,22.89,-109.91,306.48,5.1
114,Neryungri,82,RU,1567709994,86,56.66,124.71,279.551,2.49
115,Dikson,100,RU,1567709994,99,73.51,80.55,279.051,0.92
116,Qufu,0,CN,1567709994,73,35.6,116.99,292.151,1.65
117,Dharchula,80,IN,1567709994,96,29.85,80.53,286.951,0.2
118,Yerazgavors,40,AM,1567709994,59,40.7,43.78,289.15,9.8
119,Benicarlo,13,ES,1567709995,39,40.42,0.43,293.71,3.13
120,Airai,49,TL,1567709924,85,-8.93,125.41,292.183,1.95
121,Bitung,20,ID,1567709858,88,1.44,125.19,296.15,1.5
122,Cheney,1,US,1567709917,33,47.49,-117.58,302.04,3.1
123,Tateyama,47,JP,1567709995,71,36.66,137.31,300.37,0.89
124,Sooke,1,CA,1567709995,77,48.37,-123.73,298.15,2.1
125,Nha Trang,40,VN,1567709773,62,12.24,109.19,303.15,1.5
126,Cantaura,89,VE,1567709995,71,9.31,-64.36,303.751,1.78
127,Ketchikan,90,US,1567709995,93,55.34,-131.65,286.15,1.5
128,Batemans Bay,83,AU,1567709996,96,-35.71,150.18,285.37,0.45
129,Portland,20,US,1567709996,55,43.66,-70.25,297.04,3.6
130,Geraldton,90,CA,1567709996,100,49.72,-86.95,282.15,2.6
131,Poum,40,MK,1567709996,55,41.28,20.71,292.15,1
132,Kudeyevskiy,75,RU,1567709996,100,54.87,56.75,285.15,4
133,Georgetown,20,GY,1567709855,55,6.8,-58.16,307.15,6.2
134,Maceio,40,BR,1567709711,65,-9.67,-35.74,300.15,5.1
135,Sinazongwe,0,ZM,1567709997,24,-17.26,27.46,294.151,2.05
136,Bandarbeyla,56,SO,1567709986,76,9.49,50.81,297.651,11.62
137,Sinnamary,23,GF,1567709997,77,5.38,-52.96,301.251,8.49
138,Victoria,75,BN,1567709997,94,5.28,115.24,301.15,2.74
139,Barrow,100,AR,1567709929,45,-38.31,-60.23,282.683,4.01
140,Hithadhoo,87,MV,1567709865,79,-0.6,73.08,301.483,6.01
141,Port Hardy,75,CA,1567709997,93,50.7,-127.42,285.15,2.1
142,Esperance,75,AU,1567709998,80,-33.86,121.89,278.15,3.6
143,Buala,47,SB,1567709998,84,-8.15,159.59,298.051,6.97
144,Hermanus,0,ZA,1567709998,81,-34.42,19.24,289.26,6.26
145,Harper,1,US,1567709998,28,30.3,-99.24,307.59,3.1
146,Tual,86,ID,1567709998,84,-5.67,132.75,297.851,7.08
147,Oistins,20,BB,1567709802,70,13.07,-59.53,304.15,3.6
148,Jilavele,0,RO,1567709998,72,44.76,26.53,293.71,1
149,Aklavik,90,CA,1567709999,100,68.22,-135.01,283.15,1.5
150,Panacan,90,PH,1567709999,88,7.15,125.66,299.15,1.4
151,Kiama,57,AU,1567709742,100,-34.67,150.86,289.26,2.6
152,Saint George,20,GR,1567709999,60,39.45,22.34,298.71,4.6
153,Wajir,0,KE,1567709999,43,1.75,40.07,304.15,4.6
154,Labuhan,47,ID,1567709999,87,-2.54,115.51,295.351,0.67
155,Padang,20,ID,1567709885,85,-0.92,100.36,300.483,8.24
156,Cuamba,0,MZ,1567709999,31,-14.8,36.54,297.151,4.87
157,Provideniya,35,RU,1567709813,96,64.42,-173.23,278.983,0.89
158,Gizo,20,IL,1567710000,69,31.8,34.94,300.37,2.1
159,Imeni Poliny Osipenko,42,RU,1567710000,94,52.42,136.49,284.851,0.49
160,Vannes,0,FR,1567710000,54,47.66,-2.76,289.15,4.6
161,Muros,20,ES,1567709853,67,42.77,-9.06,295.93,7.2
162,Sovetskaya Gavan,93,RU,1567710000,84,48.97,140.29,290.251,1.4
163,Tezu,1,IN,1567710000,75,27.93,96.16,296.851,1.04
164,Asyut,0,EG,1567709707,41,27.18,31.19,306.15,3.1
165,Berdigestyakh,45,RU,1567710001,99,62.1,126.7,279.451,1.04
166,Poronaysk,32,RU,1567710001,94,49.22,143.1,288.351,1.06
167,Marion,1,US,1567710002,55,35.21,-90.2,305.93,5.7
168,Livingston,75,US,1567710002,46,40.8,-74.31,297.15,3.1
169,Rio Grande,40,BR,1567709818,58,-32.03,-52.1,288.15,6.2
170,Hazorasp,0,UZ,1567710005,66,41.32,61.08,286.15,3.1
171,Kidal,20,ML,1567710006,18,18.44,1.41,312.351,4.51
172,Khatanga,100,RU,1567709913,95,71.98,102.47,283.083,5.37
173,Sobolevo,0,RU,1567710011,72,54.43,31.9,285.551,0.87
174,Kaeo,58,NZ,1567710014,85,-35.1,173.78,283.71,8.94
175,Basco,1,US,1567710019,61,40.33,-91.2,298.71,3.1
176,Nabire,49,ID,1567710020,96,-3.36,135.5,293.151,1.98
177,Botou,0,CN,1567710022,67,38.08,116.55,292.751,2.52
178,Victoria,75,BN,1567709915,94,5.28,115.24,301.15,2.59
179,Nsanje,0,MZ,1567710023,26,-16.92,35.26,296.251,2.9
180,Huescar,36,ES,1567710024,84,37.81,-2.54,294.82,4.98
181,Vanavara,44,RU,1567710024,91,60.35,102.28,275.251,2.43
182,Bafoulabe,29,ML,1567710024,64,13.81,-10.83,305.251,0.69
183,Yellowknife,90,CA,1567709914,93,62.45,-114.38,282.15,1
184,Conil,0,FR,1567710025,66,44.97,3.72,284.15,5.1
185,Cherskiy,0,RU,1567710025,75,68.75,161.3,276.651,3.12
186,Saldanha,0,PT,1567710025,27,41.42,-6.55,296.851,5.86
187,El Penol,75,CO,1567710025,41,1.46,-77.45,297.15,9.8
188,Tuktoyaktuk,20,CA,1567710025,87,69.44,-133.03,281.15,1.5
189,Kieta,67,PG,1567710025,79,-6.22,155.63,297.951,4.18
190,Laguna,40,BZ,1567710026,66,16.17,-88.94,305.15,3.1
191,Leningradskiy,99,RU,1567709927,92,69.38,178.42,277.483,1.43
192,Lagoa,0,PT,1567709973,83,37.14,-8.45,298.15,2.1
193,Campina Verde,23,BR,1567709939,12,-19.54,-49.49,311.783,0.98
194,Arraial do Cabo,75,BR,1567710026,93,-22.97,-42.02,292.15,5.1
195,Nanortalik,100,GL,1567710026,73,60.14,-45.24,278.851,1
196,Seoul,75,KR,1567709702,106,37.57,126.98,296.15,1.5
197,Daru,23,PG,1567710026,83,-9.07,143.21,294.251,2.27
198,San Francisco,75,CO,1567709463,41,1.17,-76.88,297.15,9.8
199,Port Alfred,96,ZA,1567710027,64,-33.59,26.89,288.71,2.24
200,San Ramon,40,NI,1567710027,51,12.92,-85.84,300.15,4
201,Gambela,94,ET,1567710027,94,8.25,34.59,293.751,1
202,Rawson,100,AR,1567710027,52,-43.3,-65.11,280.051,8.03
203,Voineasa,20,RO,1567710027,82,45.42,23.96,289.26,2.1
204,Filadelfia,98,PY,1567710025,26,-22.35,-60.04,301.251,3.28
205,Port Elizabeth,75,US,1567710028,64,39.31,-74.98,299.82,3.1
206,Skegness,0,GB,1567710028,67,53.14,0.34,289.15,4.6
207,Flagstaff,1,US,1567709851,19,35.2,-111.65,307.04,2.6
208,Bata,20,GQ,1567710028,78,1.87,9.77,301.15,3.1
209,Suhbaatar,100,MN,1567710028,88,50.23,106.21,284.851,3.16
210,Saint-Augustin,75,CA,1567709921,49,45.63,-73.98,294.26,3.6
211,Hermosillo,40,MX,1567709199,56,29.09,-110.96,308.15,2.6
212,Havoysund,75,NO,1567710028,87,71,24.66,282.15,4.6
213,Nushki,0,PK,1567710029,10,29.55,66.02,299.251,1.51
214,Orotukan,96,RU,1567710029,85,62.26,151.67,280.251,0.97
215,Clyde River,75,CA,1567709915,81,70.47,-68.59,279.15,3.6
216,Atar,20,MR,1567710029,23,20.52,-13.05,313.15,4.1
217,Acapulco,20,MX,1567710029,62,16.86,-99.88,304.15,2.6
218,Mar del Plata,90,AR,1567710029,51,-46.43,-67.52,278.551,7.33
219,Jaysingpur,100,IN,1567710030,91,16.78,74.56,295.151,4.56
220,Tessalit,56,ML,1567710030,13,20.2,1.01,314.051,1.14
221,Do Gonbadan,0,IR,1567710030,9,30.36,50.8,307.15,3.1
222,Beringovskiy,99,RU,1567710030,95,63.05,179.32,278.851,0.62
223,Lerwick,40,GB,1567710030,93,60.15,-1.15,284.15,4.6
224,Biltine,2,TD,1567710030,32,14.53,20.93,307.751,2.18
225,Port Moresby,9,PG,1567710031,73,-9.47,147.16,296.251,8.05
226,Grand Gaube,40,MU,1567710031,73,-20.01,57.66,295.15,2.1
227,San Jose,90,HN,1567709919,40,14.25,-87.96,304.15,3.1
228,Tasiilaq,75,GL,1567710031,61,65.61,-37.64,282.15,3.1
229,Zhigansk,21,RU,1567710031,95,66.77,123.37,276.951,3.76
230,Orotina,90,CR,1567710031,57,9.91,-84.53,298.15,6.7
231,Sorland,75,NO,1567710032,93,67.67,12.69,281.15,3.6
232,Partizanske,0,SK,1567710032,72,48.63,18.38,291.15,1
233,Dwarka,75,IN,1567710032,74,28.58,77.04,305.93,3.1
234,Kavieng,85,PG,1567710032,78,-2.57,150.8,300.351,4.44
235,Yuyao,40,CN,1567710032,94,30.04,121.15,301.48,3
236,Dingle,100,PH,1567710033,85,11,122.67,296.951,2.07
237,Sept-Iles,40,CA,1567710033,36,50.2,-66.38,290.15,6.7
238,Huarmey,76,PE,1567710033,90,-10.07,-78.15,288.951,5.31
239,Monrovia,75,LR,1567710033,94,6.33,-10.8,299.15,1.5
240,Lavrentiya,92,RU,1567710033,95,65.58,-170.99,279.551,2.52
241,Saint Anthony,1,US,1567710033,28,43.97,-111.68,302.04,2.1
242,Faanui,71,PF,1567710034,82,-16.48,-151.75,297.751,10.73
243,Namibe,99,AO,1567710034,88,-15.19,12.15,291.351,4.52
244,Evanston,1,US,1567710001,49,42.04,-87.69,296.48,3.1
245,Nome,40,US,1567709839,39,30.04,-94.42,310.37,0.85
246,Vanimo,99,PG,1567710034,71,-2.67,141.3,299.151,2.14
247,Siocon,92,PH,1567710034,82,11.03,124.04,299.151,2.85
248,Vicosa,94,BR,1567710034,76,-20.75,-42.88,295.551,3.71
249,Vagur,100,FO,1567710035,85,61.47,-6.81,283.351,7.65
250,Santa Maria,0,BR,1567710007,13,-16.02,-48.01,306.15,7.2
251,Myanaung,93,MM,1567710035,94,18.28,95.32,296.751,0.67
252,Mount Isa,0,AU,1567710035,47,-20.73,139.49,286.15,6.26
253,Riyadh,0,SA,1567709895,16,24.63,46.72,310.15,2.6
254,Sitka,0,US,1567710035,27,37.17,-99.65,309.26,4.02
255,Malanje,78,AO,1567710035,35,-9.54,16.35,301.451,2.24
256,Balbalan,100,PH,1567710036,97,17.44,121.2,290.651,1.15
257,Elizabeth City,90,US,1567709869,74,36.3,-76.22,302.15,7.2
258,Kytmanovo,18,RU,1567710036,70,53.46,85.45,282.451,2.3
259,Honda,40,JP,1567710036,78,35.71,139.48,300.37,0.5
260,Brae,75,GB,1567710036,93,60.4,-1.35,284.15,4.6
261,Havelock,90,US,1567709825,78,34.88,-76.9,301.48,7.2
262,Broome,20,GB,1567710036,55,52.47,1.45,289.15,3.1
263,Lebu,95,ET,1567710037,81,8.96,38.73,288.051,1.43
264,Neuquen,40,AR,1567709956,36,-38.95,-68.06,282.15,4.1
265,Ostrovnoy,83,RU,1567710037,80,68.05,39.51,285.851,9.17
266,Omboue,94,GA,1567710037,85,-1.57,9.26,297.151,6.29
267,Channel-Port aux Basques,54,CA,1567709954,73,47.57,-59.14,287.383,9.54
268,Iracoubo,23,GF,1567710037,56,5.48,-53.21,305.051,4.28
269,Teguldet,81,RU,1567710037,94,57.31,88.17,280.451,1.61
270,Pampa,1,US,1567710038,22,35.54,-100.96,308.15,4.6
271,Tilichiki,50,RU,1567709920,83,60.47,166.1,277.683,0.61
272,Cooma,60,AU,1567710038,100,-36.24,149.13,276.15,3.6
273,Bemidji,90,US,1567710038,88,47.48,-94.89,294.15,2.1
274,Nanakuli,1,US,1567710038,58,21.39,-158.15,304.15,4.6
275,Kushiro,97,JP,1567710038,95,43.11,144.15,288.051,1.02
276,Garissa,44,KE,1567710039,60,-0.46,39.64,299.351,8.71
277,Sedan,20,FR,1567710039,76,49.7,4.94,286.48,2.1
278,Talnakh,75,RU,1567710039,93,69.49,88.39,283.15,5
279,Kaitangata,100,NZ,1567710039,77,-46.28,169.85,280.93,3.13
280,Fukue,75,JP,1567710039,88,35.03,136.69,298.71,0.5
281,Praia da Vitoria,75,PT,1567710039,78,38.73,-27.07,295.15,8.87
282,Constitucion,75,MX,1567709948,52,23.99,-104.67,293.15,1
283,Pout,40,SN,1567710040,83,14.77,-17.06,302.15,4.6
284,Cleethorpes,20,GB,1567710040,63,53.56,-0.03,289.15,5.7
285,Diamantino,0,BR,1567709851,11,-14.4,-56.44,313.883,3.93
286,Sao Filipe,40,CV,1567710040,84,14.9,-24.5,299.451,7.08
287,Dillon,20,US,1567710040,22,45.22,-112.64,300.37,2.1
288,Upernavik,39,GL,1567710040,81,72.79,-56.15,278.151,1.39
289,Ushtobe,77,KZ,1567710040,62,45.25,77.98,290.851,8.12
290,Yekaterinoslavka,100,RU,1567710041,71,54.34,72.46,284.751,6.9
291,Chala,40,TZ,1567710041,49,-7.6,31.27,294.15,1.37
292,Verkhoyansk,94,RU,1567710041,91,67.55,133.39,276.951,1.06
293,Aksu,90,KZ,1567709846,51,52.04,76.93,289.15,9
294,Rio Gallegos,0,AR,1567710041,40,-51.62,-69.22,284.15,2.6
295,Palembang,56,ID,1567710041,93,-2.99,104.76,296.251,1.46
296,Chapais,40,CA,1567710042,53,49.78,-74.86,284.15,5.7
297,Mazagao,20,BR,1567710042,52,-0.12,-51.29,306.15,5.7
298,Graaff-Reinet,64,ZA,1567709854,75,-32.25,24.53,283.483,8.85
299,Beloha,0,MG,1567710042,85,-25.17,45.06,292.951,3.72
300,Porto Novo,75,BR,1567710042,77,-23.68,-45.44,289.15,6.2
301,Piltene,20,LV,1567710042,82,57.23,21.67,289.15,4.1
302,Ixtapa,5,MX,1567709907,66,20.71,-105.21,304.82,2.1
303,Pringsewu,99,ID,1567710043,90,-5.36,104.98,294.051,1.08
304,Vila Velha,0,BR,1567710043,66,-3.71,-38.6,302.15,5.1
305,Hay River,75,CA,1567710043,81,60.82,-115.79,285.15,6.7
306,High Rock,17,BS,1567710043,77,26.63,-78.28,302.351,7.72
307,Hasaki,40,JP,1567710043,100,35.73,140.83,296.15,1
308,Madera,1,US,1567710043,33,36.96,-120.06,306.15,3.95
309,Clearwater,40,US,1567710043,74,27.97,-82.8,308.15,5.7
310,Flinders,74,AU,1567710044,100,-34.58,150.85,289.26,2.6
311,Pisco,75,PE,1567710044,30,-13.71,-76.2,295.15,3.1
312,Bouza,2,NE,1567710044,35,14.42,6.04,307.351,3.81
313,Necochea,100,AR,1567710044,66,-38.55,-58.74,284.26,1.79
314,Caravelas,18,BR,1567710044,66,-17.73,-39.27,297.951,3.51
315,Alofi,30,NU,1567709908,100,-19.06,-169.92,295.15,3.1
316,Vila Franca do Campo,75,PT,1567709908,77,37.72,-25.43,294.82,4.6
317,Strezhevoy,20,RU,1567710045,100,60.73,77.6,281.15,1.14
318,Rubtsovsk,92,RU,1567710045,38,51.53,81.22,288.951,5.45
319,Vazhiny,100,RU,1567710045,89,60.96,34.04,286.851,2.78
320,Isangel,20,VU,1567710045,82,-19.55,169.27,290.15,7.32
321,Souillac,0,FR,1567709918,42,45.6,-0.6,292.15,4.1
322,Meadville,40,US,1567710045,60,41.64,-80.15,296.48,5.1
323,Leeton,42,AU,1567710045,66,-34.55,146.4,286.48,1.5
324,Chuy,72,UY,1567710045,64,-33.69,-53.46,283.251,4.23
325,Leh,0,IN,1567710046,27,34.16,77.58,282.851,2.78
326,Diu,100,IN,1567710046,96,20.71,70.98,298.651,3.52
327,Eureka,90,US,1567709854,77,40.8,-124.16,295.93,4.6
328,Rivadavia,71,AR,1567710046,22,-31.53,-68.59,285.351,1.83
329,Tautira,75,PF,1567710046,69,-17.73,-149.15,299.15,2.1
330,Svetlogorsk,90,RU,1567710046,100,53.14,59.15,283.15,1
331,Sao Joao da Barra,90,BR,1567709830,94,-21.64,-41.05,295.15,8.2
332,Ginda,50,IN,1567710047,98,30.69,78.49,289.551,0.49
333,Bend,1,US,1567710047,30,44.06,-121.32,302.04,2.1
334,Matagami,76,NG,1567710047,89,9.67,8.4,294.551,0.58
335,Moose Factory,75,CA,1567709988,47,51.26,-80.61,286.15,1.5
336,Ziniare,20,BF,1567710047,66,12.58,-1.3,303.15,2.6
337,Baykalovo,40,RU,1567710047,93,64.58,40.26,285.15,4
338,Nara,83,JP,1567710047,88,34.68,135.8,299.82,0.5
339,Dhidhdhoo,87,MV,1567710048,80,6.88,73.1,301.351,4.8
340,Whitehorse,20,CA,1567710048,66,60.72,-135.06,285.37,2.1
341,Camacha,75,PT,1567710048,73,33.08,-16.33,296.15,7.2
342,Molina,40,CL,1567710048,48,-35.11,-71.28,290.15,3.1
343,Mahebourg,40,MU,1567709877,73,-20.41,57.7,295.15,2.1
344,Pokrovsk,42,RU,1567710048,97,61.48,129.14,279.751,0.75
345,Ust-Nera,100,RU,1567710048,93,64.57,143.24,274.351,1.95
346,Taywarah,0,AF,1567710049,25,33.35,64.42,286.451,3.55
347,Avera,40,US,1567710049,46,33.19,-82.53,308.15,4.6
348,Port Lincoln,76,AU,1567709874,73,-34.72,135.86,286.083,16.79
349,Alvaraes,90,BR,1567710049,94,-3.22,-64.8,299.15,2.1
350,Nizwa,24,OM,1567710049,23,22.93,57.53,306.251,2.33
351,Port-de-Bouc,0,FR,1567710049,32,43.4,4.98,294.26,14.4
352,Izacic,0,BA,1567710049,90,44.88,15.78,289.82,1.11
353,Montrose,40,GB,1567710050,76,56.71,-2.47,288.15,7.7
354,Teluk Intan,75,MY,1567710050,94,4.02,101.03,299.15,0.7
355,Umm Kaddadah,94,SD,1567710050,51,13.6,26.69,302.451,7.12
356,Pucallpa,75,PE,1567710050,331,-8.38,-74.54,275.15,2.6
357,Loncoche,75,CL,1567710050,71,-39.37,-72.63,284.15,4.6
358,Peniche,0,PT,1567710050,32,39.36,-9.38,304.26,4.1
359,Aswan,0,EG,1567710051,20,24.09,32.9,308.15,1
360,Englewood,20,US,1567709890,15,39.65,-104.99,309.26,4.6
361,Mandalgovi,99,MN,1567710051,51,45.76,106.27,291.751,3.04
362,Longyearbyen,75,NO,1567710051,80,78.22,15.63,274.15,4.1
363,Bambanglipuro,91,ID,1567710032,83,-7.95,110.28,297.051,4.26
364,Malente,0,DE,1567709975,71,54.17,10.56,287.04,4.1
365,Quatre Cocos,40,MU,1567710051,73,-20.21,57.76,295.15,2.1
366,Saint-Leu,20,RE,1567710051,68,-21.15,55.28,296.15,1.5
367,Hobyo,13,SO,1567710052,81,5.35,48.53,298.351,12.19
368,Selcuk,0,TR,1567710052,65,37.95,27.37,300.15,2.6
369,Biak,97,ID,1567709993,98,-0.91,122.88,290.451,1.43
370,Masuguru,55,MZ,1567710052,35,-11.38,38.46,300.051,1.54
371,Koungheul,62,SN,1567710052,72,13.98,-14.8,303.651,5.07
372,Sisimiut,100,GL,1567710052,82,66.94,-53.67,278.451,0.07
373,Ciudad Bolivar,47,VE,1567710052,49,8.12,-63.55,307.551,4.25
374,Porto-Vecchio,0,FR,1567710053,64,41.59,9.28,298.15,6.7
375,Strelka,83,RU,1567710053,96,58.08,93.03,280.551,1.86
376,Naujamiestis,0,LT,1567710053,64,55.69,24.15,293.15,3.1
377,Puchov,0,SK,1567710053,82,49.12,18.33,292.15,0.5
378,Miandrivazo,46,MG,1567710053,80,-19.53,45.46,294.251,0.57
379,Chase,1,US,1567710053,34,38.35,-98.35,309.26,7.2
380,Denpasar,20,ID,1567710054,83,-8.65,115.22,297.15,2.1
381,Aksha,22,RU,1567710054,93,50.28,113.29,283.551,0.82
382,Port-Gentil,75,GA,1567710054,78,-0.72,8.78,299.15,5.7
383,Virginia Beach,90,US,1567710007,83,36.85,-75.98,302.59,6.7
384,Qasigiannguit,40,GL,1567709888,61,68.82,-51.19,281.15,2.6
385,Isla Mujeres,75,MX,1567710012,66,21.23,-86.73,305.15,4.6
386,Itoman,75,JP,1567709907,88,26.12,127.67,300.15,12.9
387,Kirakira,83,SB,1567710054,76,-10.46,161.92,295.351,5.73
388,Berwick,1,US,1567710054,47,29.69,-91.22,309.26,1.5
389,Plotnikovo,6,RU,1567710055,93,55.04,83.4,280.15,2
390,Evensk,100,RU,1567710055,98,61.92,159.24,282.151,0.81
391,Finschhafen,100,PG,1567710055,99,-6.6,147.85,289.651,0.68
392,Vardo,40,US,1567710055,60,39.62,-77.74,298.71,3.1
393,Middlebury,20,US,1567710055,40,44.01,-73.17,295.37,2.1
394,Hwange,0,ZW,1567710055,29,-18.35,26.5,294.251,2.28
395,Lompoc,75,US,1567710056,87,34.64,-120.46,305.93,3.1
396,Bandar-e Lengeh,37,IR,1567710056,46,26.56,54.88,306.15,2.1
397,Princeton,1,US,1567710056,43,40.35,-74.66,298.15,0.85
398,Novobirilyussy,61,RU,1567710056,94,56.95,90.69,280.251,0.17
399,Bairnsdale,99,AU,1567710056,95,-37.83,147.63,282.59,0.45
400,Millinocket,1,US,1567710056,32,45.66,-68.71,295.93,3.6
401,Verkhnyaya Inta,51,RU,1567710056,74,65.99,60.32,286.051,4.87
402,Madras,1,US,1567710057,33,44.63,-121.13,301.48,2.76
403,Lasa,20,CY,1567710057,74,34.92,32.53,300.15,2.1
404,Ryotsu,4,JP,1567710057,100,38.08,138.43,295.15,3.67
405,Charters Towers,2,AU,1567710057,24,-20.07,146.27,287.951,3
406,Shaoxing,40,CN,1567710057,94,30,120.58,300.93,5
407,Ous,4,RU,1567710057,91,60.91,61.52,281.451,0.96
408,Loveland,1,US,1567709835,13,40.4,-105.08,310.15,2.1
409,Vila,75,IT,1567710058,82,45.18,8.4,291.48,9.3
410,Emmett,1,US,1567710058,26,43.87,-116.5,306.48,3.1
411,Ankazoabo,0,MG,1567710058,50,-22.29,44.51,290.951,2.16
412,Aloleng,100,PH,1567710058,81,16.13,119.78,301.251,10.14
413,La Ronge,90,CA,1567710058,87,55.1,-105.3,288.15,6.2
414,Yurimaguas,75,PE,1567710005,310,-5.9,-76.1,282.15,0.56
415,Okha,53,RU,1567709878,81,53.59,142.95,286.983,3.79
416,Vilcun,75,CL,1567710059,93,-38.65,-72.23,282.59,3.1
417,Miracema do Tocantins,1,BR,1567710059,15,-9.56,-48.4,313.651,2.51
418,Novikovo,11,RU,1567710059,53,51.15,37.89,292.251,3.79
419,Bow Island,5,CA,1567709797,49,49.87,-111.38,294.26,3.1
420,Ilheus,40,BR,1567710059,74,-14.79,-39.05,301.15,5.7
421,Lesnoy,80,RU,1567710059,78,59.78,52.13,286.751,1.19
422,Termez,0,AF,1567710059,31,37.23,67.28,299.82,2.1
423,Katsuura,75,JP,1567710060,88,33.93,134.5,299.15,3.6
424,Kutum,50,SD,1567710060,53,14.2,24.66,300.251,9.73
425,Sindor,86,RU,1567710060,96,62.87,51.9,284.951,1.49
426,Itarema,57,BR,1567710060,49,-2.92,-39.92,304.451,6.95
427,Cabedelo,20,BR,1567710060,61,-6.97,-34.84,301.15,7.2
428,Oum Hadjer,63,TD,1567710060,48,13.3,19.7,305.351,4.55
429,Gazli,0,UZ,1567710060,32,40.13,63.45,292.151,5.39
430,Kruisfontein,93,ZA,1567710061,78,-34,24.73,283.951,4.53
431,ChengDe,0,CN,1567710061,67,40.97,117.93,289.751,0.93
432,Solnechnyy,96,RU,1567710061,96,50.72,136.64,286.651,1.56
433,Nhamunda,67,BR,1567710061,30,-2.19,-56.71,310.851,3.6
434,Palauig,100,PH,1567710061,80,15.44,119.9,301.551,10.98
435,Chitral,0,PK,1567710062,46,35.85,71.79,280.751,3.88
436,Maragogi,2,BR,1567710062,68,-9.01,-35.22,299.751,3.87
437,Inyonga,18,TZ,1567710062,32,-6.72,32.06,295.751,0.86
438,Inverell,0,AU,1567710062,31,-29.78,151.11,284.051,2.22
439,Flin Flon,90,CA,1567710063,82,54.77,-101.88,286.15,4.1
440,Sandur,0,IQ,1567710063,23,36.91,43.06,298.051,1.5
441,Itupiranga,40,BR,1567710063,41,-5.13,-49.33,309.15,3.6
442,Tabou,91,CI,1567709988,88,4.42,-7.36,297.751,3.15
443,Jiangkou,28,CN,1567710063,95,30.7,117.56,294.751,1.79
444,Chulman,82,RU,1567710064,86,56.84,124.9,279.551,2.49
445,Turbat,0,PK,1567710064,65,26,63.05,302.951,2.14
446,Butembo,96,CD,1567710064,97,0.12,29.29,289.951,0.93
447,Richards Bay,100,ZA,1567710064,77,-28.77,32.06,292.751,9.1
448,Haines Junction,65,CA,1567710065,61,60.75,-137.51,281.151,0.83
449,Walvis Bay,14,NA,1567710065,87,-22.95,14.51,285.93,4.6
450,Hami,79,CN,1567710065,32,42.84,93.51,295.551,10.03
451,Codrington,0,AU,1567709856,93,-28.95,153.24,286.15,2.1
452,Yulara,0,AU,1567710065,50,-25.24,130.99,287.15,7.2
453,Hualmay,95,PE,1567710065,89,-11.1,-77.61,289.151,5.12
454,Bara,58,NG,1567710065,86,10.41,10.6,297.751,3.13
455,Robertsport,78,LR,1567710066,87,6.75,-11.37,298.751,4.44
456,Ishinomaki,82,JP,1567710066,97,38.42,141.3,293.051,1.14
457,Mount Vernon,90,US,1567710066,65,38.73,-77.1,300.37,2.1
458,Neiafu,75,TO,1567710066,94,-18.65,-173.98,295.15,7.24
459,Bubanza,11,BI,1567710066,45,-3.08,29.39,293.851,0.91
460,Bathsheba,20,BB,1567710066,70,13.22,-59.52,304.15,3.6
461,Aguachica,55,CO,1567710066,51,8.31,-73.6,306.551,1.68
462,Hare Bay,75,CA,1567710067,78,48.86,-53.99,295.15,12.3
463,Manyana,17,AU,1567710067,100,-35.26,150.51,289.26,2.6
464,Bonthe,99,SL,1567710067,88,7.53,-12.5,298.751,4.47
465,Slave Lake,1,CA,1567710067,63,55.28,-114.77,290.15,4.1
466,Mitsamiouli,20,KM,1567709790,78,-11.38,43.28,298.15,4.1
467,Nyurba,88,RU,1567710067,94,63.29,118.35,281.651,2.33
468,Cap-aux-Meules,20,CA,1567710067,59,47.38,-61.86,290.15,6.7
469,Choma,0,ZM,1567710068,24,-16.81,26.98,292.851,3.54
470,Fairview,20,CA,1567710068,59,56.07,-118.38,292.04,2.1
471,Betare Oya,100,CM,1567710068,93,5.6,14.08,294.251,0.53
472,Iquitos,75,PE,1567710068,319,-3.75,-73.25,279.15,1.5
473,Kuleshovka,0,RU,1567710068,30,47.08,39.55,294.15,7
474,Coquimbo,75,CL,1567710068,58,-29.95,-71.34,288.15,4.6
475,Sur,49,OM,1567710031,48,22.57,59.53,304.351,3.92
476,Riohacha,40,CO,1567710069,70,11.54,-72.91,305.15,7.2
477,Awbari,0,LY,1567710069,20,26.59,12.77,304.651,4.25
478,Ajdabiya,0,LY,1567710069,79,30.75,20.22,299.451,5.62
479,Aksarka,0,RU,1567710069,85,66.56,67.8,283.951,5.18
480,Iwaki,99,JP,1567710069,78,37.05,140.89,295.93,1.24
481,Sungaipenuh,64,ID,1567710070,95,-2.08,101.38,295.251,1.03
482,Tadine,0,NC,1567710070,68,-21.55,167.88,293.551,6.9
483,Gat,40,SN,1567710070,83,14.69,-16.54,303.15,4.6
484,Ninghai,40,CN,1567710070,94,29.29,121.42,299.82,3
485,Ouesso,30,CG,1567710070,89,1.61,16.05,296.351,1.35
486,Yangambi,45,CD,1567710070,68,0.77,24.47,298.451,1.19
487,Ayan,21,IR,1567710071,41,38.23,44.7,288.151,1.37
488,Westport,1,US,1567710071,56,41.14,-73.36,296.48,2.1
489,Ammon,40,US,1567710071,28,43.47,-111.97,302.04,3.1
490,Lalibela,72,ET,1567710071,75,12.04,39.05,289.651,1.25
491,Nanchong,6,CN,1567710072,83,30.8,106.08,295.751,0.95
492,Takoradi,86,GH,1567709984,85,4.89,-1.75,298.151,2.91
493,Saint-Louis,75,SN,1567710072,74,16.03,-16.5,304.15,2.1
494,Skopelos,20,GR,1567709839,73,39.12,23.72,297.15,2.82
495,Lucea,20,JM,1567710072,74,18.44,-78.17,304.15,6.2
496,Whyalla,30,AU,1567710072,66,-33.04,137.58,284.15,5.7
497,Ancud,0,CL,1567710072,61,-41.87,-73.83,283.15,4.6
498,Nicoya,75,CR,1567710027,88,10.15,-85.45,299.15,3.6
499,Nelson Bay,0,AU,1567710073,93,-32.72,152.14,287.59,2.6
500,Ribeira Grande,40,PT,1567709812,73,38.52,-28.7,296.15,4.6
501,Plerin,20,FR,1567710073,67,48.54,-2.78,288.15,3.1
502,Pinega,86,RU,1567710073,86,64.7,43.39,284.851,2.58
503,Houston,75,US,1567709917,36,29.76,-95.37,309.82,2.45
504,Manggar,0,ID,1567709896,97,-2.88,108.27,295.483,1.03
505,Chipinge,0,ZW,1567710073,28,-20.19,32.62,293.651,5.15
506,Chanthaburi,100,TH,1567710074,88,12.61,102.11,301.48,7.32
507,Inhambane,20,MZ,1567710074,88,-23.87,35.38,293.15,2.1
508,Dalvik,20,SE,1567710074,87,57.79,14.13,284.26,4.1
509,San Lorenzo,0,HN,1567710074,41,13.43,-87.45,309.15,2.33
510,Bontang,51,ID,1567710074,98,0.12,117.47,295.551,1.05
511,Axim,80,GH,1567710075,88,4.87,-2.24,298.151,4.64
512,Yamada,40,JP,1567710075,83,36.58,137.08,300.37,1.5
513,Yermakovskoye,98,RU,1567710075,87,53.28,92.4,280.851,0.85
514,Gondanglegi,100,ID,1567710075,95,-7.75,112.01,293.351,2.26
515,Auki,22,NG,1567710075,76,12.18,6.51,300.251,3.06
516,North Bend,90,US,1567710075,87,43.41,-124.22,299.82,4.1
517,San Angelo,20,US,1567709921,32,31.46,-100.44,307.15,3.1
518,Rosario,75,UY,1567710076,53,-34.31,-57.35,285.93,5.1
519,Rumphi,11,MW,1567710076,46,-11.02,33.86,292.751,4.07
520,Centralia,1,US,1567710076,77,46.72,-122.96,295.93,2.82
521,Mets Masrik,98,AM,1567710076,96,40.22,45.77,283.251,1.83
522,Ekhabi,51,RU,1567710076,81,53.51,142.97,287.151,4.36
523,Erenhot,38,CN,1567710076,19,43.65,111.97,297.851,2.48
524,Altamira,40,BR,1567709953,55,-3.2,-52.21,306.15,2.6
525,Chernyakhovsk,88,RU,1567710077,84,54.64,21.81,289.651,1.38
526,Aguas Vermelhas,8,BR,1567710077,28,-15.75,-41.46,301.651,4.87
527,Te Anau,68,NZ,1567710077,90,-45.41,167.72,277.951,3.1
528,Sebastian,1,US,1567710077,50,27.82,-80.47,308.71,7.2
529,Concepcion,79,CO,1567710077,68,9.56,-73.66,304.851,1.79
530,San Nicolas,100,PH,1567710077,94,16.07,120.76,297.051,2.74
531,Bogande,43,BF,1567710078,48,12.97,-0.14,304.651,2.15
532,Alekseyevsk,5,RU,1567710078,97,57.84,108.35,278.751,2.25
533,Maindang,100,PH,1567710078,88,11.33,122.73,296.251,1.08
534,Berlevag,100,NO,1567710078,77,70.86,29.09,283.651,2.55
535,Lubben,40,DE,1567710078,51,51.95,13.9,290.37,3.1
536,Fairbanks,75,US,1567709848,76,64.84,-147.72,285.15,1.5
537,Saint-Pierre,0,FR,1567710079,62,48.95,4.24,289.15,5.1
538,Forecariah,64,GN,1567710079,82,9.43,-13.09,299.851,4.32
539,Ibra,20,OM,1567710079,39,22.69,58.55,303.151,1.46
540,Tashtagol,13,RU,1567710079,77,52.76,87.85,280.551,1.54
541,Singapore,75,MY,1567709402,83,1.29,103.85,301.15,2.1
542,Nagtipunan,100,PH,1567710079,82,16.22,121.6,296.451,1.8
543,Khani,75,GE,1567710080,94,41.96,42.96,294.15,1
544,Shache,0,CN,1567710080,67,38.42,77.24,298.71,0.45
545,Caninde de Sao Francisco,40,BR,1567710080,26,-9.66,-37.79,306.751,5.34
546,Lebedyan,53,RU,1567710080,42,53.01,39.13,290.15,4
547,Baillif,0,GP,1567710080,66,16.02,-61.75,304.15,5.1
548,Pandamatenga,0,BW,1567710080,24,-18.54,25.64,294.851,3.43
549,Tahe,0,CN,1567710081,95,52.34,124.71,283.851,0.59
550,Voh,0,NC,1567710081,70,-20.95,164.69,292.451,4.75
551,Mattru,91,SL,1567710081,91,7.62,-11.83,298.651,2.21
552,Almaznyy,0,RU,1567710081,30,48.03,40.04,294.15,7
553,Vadso,75,NO,1567710081,81,70.07,29.75,285.15,1.5
554,Kaohsiung,75,TW,1567710000,88,22.62,120.31,301.15,3.1
555,Chernyshevskiy,100,RU,1567710081,93,63.01,112.47,280.051,3.83
556,Arman,95,RU,1567710082,92,59.7,150.17,280.851,1.51
557,Gibara,75,CU,1567710082,59,21.11,-76.13,306.15,3.6
558,Estrela,94,BR,1567710082,53,-29.5,-51.96,289.82,4.47
559,Khatima,99,IN,1567710082,83,28.92,79.97,299.951,2.56
560,San Quintin,100,PH,1567710082,89,17.54,120.52,297.251,1.88
561,Capreol,75,CA,1567710082,39,46.71,-80.92,291.48,4.1
562,Shimoda,97,JP,1567710082,92,34.7,138.93,297.04,1.84
563,Bonavista,81,CA,1567710083,84,48.65,-53.11,292.59,3.13
564,Arlit,42,NE,1567710083,14,18.74,7.39,313.751,2.3
565,Kayseri,40,TR,1567710083,34,38.73,35.48,293.15,2.68
566,Monticello,1,US,1567709859,53,40.03,-88.57,296.48,2.6
567,Santa Cruz Cabralia,20,BR,1567710083,69,-16.28,-39.02,299.15,3.6
568,Conceicao do Araguaia,27,BR,1567710083,18,-8.26,-49.26,312.651,4.66
569,San Ignacio,80,PE,1567710084,62,-5.15,-79,296.351,1.76
570,Mizdah,21,LY,1567710084,60,31.45,12.98,297.151,7.39
571,Itacare,40,BR,1567709891,74,-14.28,-39,301.15,5.7
572,Abay,0,KZ,1567710084,71,49.63,72.87,283.15,5
573,Pochutla,20,MX,1567710084,55,15.74,-96.47,307.04,4.1
574,Petropavlovsk-Kamchatskiy,20,RU,1567710085,93,53.05,158.65,281.15,4
575,Kohlu,15,PK,1567710085,29,29.9,69.25,304.251,1.78
576,Namatanai,98,PG,1567709867,86,-3.66,152.44,297.883,7.51
577,Mount Darwin,0,ZW,1567710085,24,-16.77,31.58,291.051,2.22
578,Churapcha,91,RU,1567710085,96,62,132.43,278.251,1.14
579,Brigantine,90,US,1567710085,60,39.41,-74.36,299.15,6.2
580,Kiruna,90,SE,1567710086,100,67.86,20.23,278.15,3.6
581,Punta Cardon,46,VE,1567710086,82,11.61,-70.22,301.351,8.37
582,Cove,75,US,1567710086,36,29.8,-94.84,309.82,1.19
583,Mapiri,84,BO,1567710086,84,-15.31,-68.22,287.051,3.1
584,Mehamn,100,NO,1567710086,75,71.03,27.85,282.251,3.03
585,Phuket,20,TH,1567709526,88,7.89,98.4,299.15,1.08
586,Alyangula,32,AU,1567710086,93,-13.85,136.42,287.15,3.98
587,Fort Nelson,20,CA,1567710087,59,58.81,-122.69,289.15,1.5
588,Mananjary,96,MG,1567710087,38,-19.16,46.8,294.851,1.31
589,Puerto Penasco,0,MX,1567709894,72,31.32,-113.53,305.93,3.58
590,Valparaiso,40,US,1567709927,60,41.47,-87.06,295.93,0.35
591,Broken Hill,13,AU,1567710087,50,-31.97,141.45,286.15,7.2
592,Rosarito,75,CO,1567710087,60,4.91,-75.23,307.15,2.6
593,Clinton,1,US,1567710087,49,41.28,-72.53,296.48,0.5
594,Turtas,63,RU,1567710088,91,58.94,69.13,281.951,2.18
595,Merauke,27,ID,1567710088,81,-8.49,140.4,296.451,8.25
596,Marawi,100,PH,1567710088,89,8,124.29,298.15,2.24
597,Loa Janan,40,ID,1567710088,94,-0.58,117.09,296.451,1.66
598,Mahibadhoo,100,MV,1567710088,73,3.78,72.97,301.651,2.86
599,Aykhal,90,RU,1567710088,100,65.95,111.51,275.15,1
600,Petatlan,40,MX,1567710088,49,17.52,-101.27,307.15,5.1
601,Abu Kamal,0,SY,1567710089,22,34.45,40.92,302.851,3.5
602,Sakaiminato,20,JP,1567710089,94,35.55,133.23,298.15,2.1
603,Eslov,28,SE,1567710089,71,55.84,13.3,287.15,8.2
604,Yuncheng,27,CN,1567710089,54,35.03,111,295.551,1.47
605,Miles City,1,US,1567710089,20,46.41,-105.84,303.71,1.5
606,Adrar,90,DZ,1567710089,16,27.87,-0.29,311.15,22.1
607,Gisborne,99,NZ,1567710090,92,-38.66,178.02,283.71,4.92
608,Alnashi,3,RU,1567710090,89,56.18,52.48,283.951,2.01
609,Kachug,98,RU,1567710090,94,53.96,105.89,279.351,1.3
610,Magadan,36,RU,1567710047,95,59.56,150.8,284.251,3.43
611,Palafrugell,75,ES,1567710089,88,41.92,3.16,295.37,6.43
612,Kamenka,2,MD,1567710090,81,48.03,28.7,285.93,2.56
613,Hofn,100,IS,1567710090,95,64.25,-15.21,275.551,1.54
614,Yarmouth,40,CA,1567709819,63,43.84,-66.12,292.04,8.7
615,Kitimat,75,CA,1567710090,77,54.02,-128.69,288.15,3.6
616,Pontes e Lacerda,36,BR,1567709906,21,-15.23,-59.33,311.483,2.87
617,Idrinskoye,38,RU,1567710091,84,54.37,92.14,280.351,1.58
618,Yenagoa,100,NG,1567709959,94,4.92,6.26,297.483,1.99
619,Raudeberg,75,NO,1567710091,81,61.99,5.14,282.15,7.2
620,Mumford,50,GH,1567710091,90,5.26,-0.76,297.851,3.25
621,Algiers,40,US,1567709950,44,29.94,-90.04,309.26,3.6
622,Villeneuve-sur-Lot,0,FR,1567710091,45,44.41,0.7,292.15,3.1
623,Hirara,100,JP,1567709982,80,24.8,125.28,301.851,17.03
624,Ambalavao,18,MG,1567710092,64,-21.83,46.94,291.051,1.39
625,Rundu,0,NA,1567710092,16,-17.91,19.77,302.15,1.5
626,Joao Pessoa,20,BR,1567710092,61,-7.12,-34.86,301.15,7.2
627,Baruun-Urt,45,MN,1567709960,72,46.68,113.28,287.183,1.54
628,Loandjili,20,CG,1567710092,83,-4.77,11.87,298.15,2.1
629,Cadillac,1,US,1567710005,30,44.25,-85.4,295.93,3.6
630,Cartagena,29,ES,1567709925,65,37.63,-1,299.26,3.6
631,Manzhouli,50,CN,1567710093,92,49.6,117.43,287.051,2.24
632,Margate,1,AU,1567710033,93,-43.03,147.26,280.37,3.1
633,Puerto Cabezas,75,NI,1567710093,75,14.04,-83.39,305.15,5.1
634,Tumbes,40,PE,1567710093,33,-3.57,-80.46,305.15,7.2
635,Sergeyevka,99,KZ,1567710093,88,53.88,67.42,283.651,5.41
636,Lucero,100,PH,1567710093,82,11.45,122.46,300.351,6.08
637,Zurrieq,40,MT,1567710093,88,35.83,14.47,298.15,2.1
638,Garwolin,0,PL,1567710094,60,51.9,21.61,295.93,2.1
639,Sirpur,100,IN,1567710094,89,18.94,78.68,297.551,7.38
640,San Juan,71,AR,1567710094,22,-31.54,-68.53,285.351,1.83
641,Majene,25,ID,1567710094,81,-3.54,118.97,299.951,7.05
642,Aflao,20,TG,1567710094,88,6.12,1.19,299.15,5.7
643,Tocopilla,13,CL,1567709986,83,-22.09,-70.2,286.851,5.78
644,Calamar,25,CO,1567710094,84,1.96,-72.65,300.851,1.6
645,Dunedin,100,NZ,1567710095,74,-45.87,170.5,282.04,8.49
646,Nuevitas,75,CU,1567710095,66,21.55,-77.27,306.15,3.1
647,Prince Rupert,90,CA,1567710095,93,54.32,-130.32,285.15,2.1
648,Toora-Khem,50,RU,1567710095,84,52.47,96.11,276.351,1.56
649,Kita,40,JP,1567710095,78,35.76,139.74,300.37,0.5
650,Vitina,20,GR,1567710095,83,41.43,24.76,298.71,1.84
651,Ankara,0,TR,1567710096,37,39.92,32.85,294.26,2.6
652,Moerai,92,PF,1567710096,69,-22.43,-151.33,293.651,10.06
653,Maniitsoq,100,GL,1567709920,95,65.42,-52.9,276.983,6.44
654,Praya,40,ID,1567709919,94,-8.71,116.27,294.15,6.68
655,Sabha,0,LY,1567710096,21,27.03,14.43,304.151,3.38
656,Leona Vicario,75,MX,1567710096,66,20.99,-87.21,307.59,4.6
657,Trairi,18,BR,1567710096,38,-3.28,-39.27,306.951,5.67
658,SriramPur,40,BD,1567710097,79,23.92,90.13,302.15,4.1
659,Campo Grande,20,BR,1567710027,41,-20.46,-54.62,307.15,3.1
660,Guymon,1,US,1567710014,22,36.68,-101.48,309.15,6.2
661,Boundiali,85,CI,1567710097,84,9.53,-6.48,298.351,1.24
662,Dimbokro,99,CI,1567710097,91,6.65,-4.7,298.151,1.21
663,Olga,1,US,1567710097,36,34.11,-118.17,308.71,2.16
664,Tecoanapa,20,MX,1567710097,62,16.99,-99.26,304.15,2.6
665,Aboso,100,GH,1567710098,91,5.36,-1.95,297.851,2.28
666,Jumla,92,NP,1567710098,98,29.28,82.18,285.851,1.41
667,Bensonville,75,LR,1567710098,94,6.45,-10.61,299.15,1.5
668,Goderich,0,CA,1567710098,49,43.74,-81.71,294.82,4.02
669,Pelym,49,RU,1567710098,93,61.01,62,281.551,1.27
670,Carutapera,26,BR,1567710099,62,-1.2,-46.02,302.351,4.55
671,Rayong,75,TH,1567710099,69,12.68,101.28,301.15,2.1
672,Fare,53,PF,1567710099,82,-16.7,-151.02,297.251,10.25
673,The Valley,40,AI,1567709847,66,18.22,-63.06,304.15,5.7
674,Djambala,82,CG,1567710099,59,-2.55,14.76,299.651,2.16
675,Ambon,0,FR,1567710099,54,47.55,-2.56,289.26,4.6
676,Los Alamos,1,US,1567710099,22,35.88,-106.3,302.59,1.5
677,Esterhazy,100,CA,1567710099,78,50.65,-102.08,290.251,1.9
678,Ternate,40,PH,1567710045,74,14.29,120.72,302.59,3.1
679,Viedma,100,AR,1567710100,54,-40.81,-62.99,282.151,6.22
680,Hambantota,0,LK,1567709870,100,6.12,81.12,299.15,3.1
681,Opuwo,0,NA,1567710100,24,-18.06,13.84,295.051,3.45
682,Riviere-au-Renard,20,CA,1567710100,32,49,-64.4,294.15,7.7
